fold,best_val_mae,best_val_rmse,best_epoch
1,0.7367094,1.053969383239746,28
2,0.70206225,0.9395046830177307,35
3,0.8792185,1.48602294921875,67
4,0.7366222,1.0200114250183105,25
5,0.8599279,1.3422868251800537,29
